{
  "schema": "v1",
  "enabled": true,
  "name": "BoonFX",
  "anchor": {
    "Screen": "Center"
  },
  "pos": [
    0.0,
    0.0
  ],
  "opacity": 1.0,
  "trigger": {
    "source": {
      "type": "Inherit"
    },
    "threshold": {
      "threshold_type": "Always",
      "amount_type": "Intensity"
    }
  },
  "filter": {
    "player": {
      "combat": null,
      "specs": [],
      "weapons": [],
      "traits": [],
      "mounts": []
    },
    "map": {
      "category": [
        "PvE",
        "Instance",
        "Other"
      ],
      "whitelist": true,
      "ids": []
    }
  },
  "animation": null,
  "layer": 0,
  "elements": [
    {
      "enabled": true,
      "name": "BoonFlame",
      "anchor": "Parent",
      "pos": [
        0.0,
        240.0
      ],
      "opacity": 1.0,
      "trigger": {
        "source": {
          "type": "Buff",
          "combatant": "Player",
          "ids": [
            30328,
            1187,
            740
          ]
        },
        "threshold": {
          "threshold_type": "Present",
          "amount_type": "Intensity"
        }
      },
      "filter": {
        "player": {
          "combat": null,
          "specs": [],
          "weapons": [],
          "traits": [],
          "mounts": []
        },
        "map": {
          "category": [],
          "whitelist": true,
          "ids": []
        }
      },
      "animation": null,
      "type": "Group",
      "members": [
        {
          "enabled": true,
          "name": "BoonFlme_Might",
          "anchor": "Parent",
          "pos": [
            0.0,
            -20.0
          ],
          "opacity": 1.0,
          "trigger": {
            "source": {
              "type": "Buff",
              "combatant": "Player",
              "ids": [
                740
              ]
            },
            "threshold": {
              "threshold_type": {
                "Above": 19.0
              },
              "amount_type": "Intensity"
            }
          },
          "filter": {
            "player": {
              "combat": null,
              "specs": [],
              "weapons": [],
              "traits": [],
              "mounts": []
            },
            "map": {
              "category": [],
              "whitelist": true,
              "ids": []
            }
          },
          "animation": {
            "kind": "Pulse",
            "period": 370
          },
          "type": "Icon",
          "icon": {
            "File": "BoonFX\\BoonFlame\\BoonFX_BoonFlame_3.png"
          },
          "tint": [
            0.79096043,
            0.2568365,
            0.022343531,
            1.0
          ],
          "zoom": 1.0,
          "round": 0.0,
          "border_size": 0.0,
          "border_color": [
            0.0,
            0.0,
            0.0,
            1.0
          ],
          "conditions": [],
          "duration_bar": false,
          "duration_text": false,
          "stacks_text": false,
          "size": [
            300.0,
            400.0
          ]
        },
        {
          "enabled": true,
          "name": "BoonFlme_0",
          "anchor": "Parent",
          "pos": [
            0.0,
            0.0
          ],
          "opacity": 1.0,
          "trigger": {
            "source": {
              "type": "Inherit"
            },
            "threshold": {
              "threshold_type": "Always",
              "amount_type": "Intensity"
            }
          },
          "filter": {
            "player": {
              "combat": null,
              "specs": [],
              "weapons": [],
              "traits": [],
              "mounts": []
            },
            "map": {
              "category": [],
              "whitelist": true,
              "ids": []
            }
          },
          "animation": {
            "kind": "Pulse",
            "period": 730
          },
          "type": "Icon",
          "icon": {
            "File": "BoonFX\\BoonFlame\\BoonFX_BoonFlame_0.png"
          },
          "tint": [
            1.0,
            1.0,
            1.0,
            1.0
          ],
          "zoom": 1.0,
          "round": 0.0,
          "border_size": 0.0,
          "border_color": [
            0.0,
            0.0,
            0.0,
            1.0
          ],
          "conditions": [],
          "duration_bar": false,
          "duration_text": false,
          "stacks_text": false,
          "size": [
            300.0,
            250.0
          ]
        },
        {
          "enabled": true,
          "name": "BoonFlme_1",
          "anchor": "Parent",
          "pos": [
            0.0,
            0.0
          ],
          "opacity": 1.0,
          "trigger": {
            "source": {
              "type": "Inherit"
            },
            "threshold": {
              "threshold_type": "Always",
              "amount_type": "Intensity"
            }
          },
          "filter": {
            "player": {
              "combat": null,
              "specs": [],
              "weapons": [],
              "traits": [],
              "mounts": []
            },
            "map": {
              "category": [],
              "whitelist": true,
              "ids": []
            }
          },
          "animation": {
            "kind": "Pulse",
            "period": 830
          },
          "type": "Icon",
          "icon": {
            "File": "BoonFX\\BoonFlame\\BoonFX_BoonFlame_1.png"
          },
          "tint": [
            1.0,
            1.0,
            1.0,
            1.0
          ],
          "zoom": 1.0,
          "round": 0.0,
          "border_size": 0.0,
          "border_color": [
            0.0,
            0.0,
            0.0,
            1.0
          ],
          "conditions": [],
          "duration_bar": false,
          "duration_text": false,
          "stacks_text": false,
          "size": [
            300.0,
            250.0
          ]
        },
        {
          "enabled": true,
          "name": "BoonFlme_2",
          "anchor": "Parent",
          "pos": [
            0.0,
            0.0
          ],
          "opacity": 1.0,
          "trigger": {
            "source": {
              "type": "Inherit"
            },
            "threshold": {
              "threshold_type": "Always",
              "amount_type": "Intensity"
            }
          },
          "filter": {
            "player": {
              "combat": null,
              "specs": [],
              "weapons": [],
              "traits": [],
              "mounts": []
            },
            "map": {
              "category": [],
              "whitelist": true,
              "ids": []
            }
          },
          "animation": {
            "kind": "Pulse",
            "period": 970
          },
          "type": "Icon",
          "icon": {
            "File": "BoonFX\\BoonFlame\\BoonFX_BoonFlame_2.png"
          },
          "tint": [
            1.0,
            1.0,
            1.0,
            1.0
          ],
          "zoom": 1.0,
          "round": 0.0,
          "border_size": 0.0,
          "border_color": [
            0.0,
            0.0,
            0.0,
            1.0
          ],
          "conditions": [],
          "duration_bar": false,
          "duration_text": false,
          "stacks_text": false,
          "size": [
            300.0,
            250.0
          ]
        },
        {
          "enabled": true,
          "name": "BoonFlme_3",
          "anchor": "Parent",
          "pos": [
            0.0,
            0.0
          ],
          "opacity": 1.0,
          "trigger": {
            "source": {
              "type": "Inherit"
            },
            "threshold": {
              "threshold_type": "Always",
              "amount_type": "Intensity"
            }
          },
          "filter": {
            "player": {
              "combat": null,
              "specs": [],
              "weapons": [],
              "traits": [],
              "mounts": []
            },
            "map": {
              "category": [],
              "whitelist": true,
              "ids": []
            }
          },
          "animation": {
            "kind": "Pulse",
            "period": 1030
          },
          "type": "Icon",
          "icon": {
            "File": "BoonFX\\BoonFlame\\BoonFX_BoonFlame_3.png"
          },
          "tint": [
            1.0,
            1.0,
            1.0,
            1.0
          ],
          "zoom": 1.0,
          "round": 0.0,
          "border_size": 0.0,
          "border_color": [
            0.0,
            0.0,
            0.0,
            1.0
          ],
          "conditions": [],
          "duration_bar": false,
          "duration_text": false,
          "stacks_text": false,
          "size": [
            300.0,
            250.0
          ]
        }
      ]
    },
    {
      "enabled": true,
      "name": "StabilityBricks",
      "anchor": "Parent",
      "pos": [
        0.0,
        230.0
      ],
      "opacity": 0.5,
      "trigger": {
        "source": {
          "type": "Buff",
          "combatant": "Player",
          "ids": [
            1122
          ]
        },
        "threshold": {
          "threshold_type": "Present",
          "amount_type": "Intensity"
        }
      },
      "filter": {
        "player": {
          "combat": null,
          "specs": [],
          "weapons": [],
          "traits": [],
          "mounts": []
        },
        "map": {
          "category": [],
          "whitelist": true,
          "ids": []
        }
      },
      "animation": null,
      "type": "Group",
      "members": [
        {
          "enabled": true,
          "name": "StabilityBricks_0",
          "anchor": "Parent",
          "pos": [
            0.0,
            0.0
          ],
          "opacity": 1.0,
          "trigger": {
            "source": {
              "type": "Inherit"
            },
            "threshold": {
              "threshold_type": "Always",
              "amount_type": "Intensity"
            }
          },
          "filter": {
            "player": {
              "combat": null,
              "specs": [],
              "weapons": [],
              "traits": [],
              "mounts": []
            },
            "map": {
              "category": [],
              "whitelist": true,
              "ids": []
            }
          },
          "animation": {
            "kind": "Pulse",
            "period": 1000
          },
          "type": "Icon",
          "icon": {
            "File": "BoonFX\\Stability\\BoonFX_Stability_0.png"
          },
          "tint": [
            1.0,
            1.0,
            1.0,
            1.0
          ],
          "zoom": 1.0,
          "round": 0.0,
          "border_size": 0.0,
          "border_color": [
            0.0,
            0.0,
            0.0,
            1.0
          ],
          "conditions": [],
          "duration_bar": false,
          "duration_text": false,
          "stacks_text": false,
          "size": [
            100.0,
            70.0
          ]
        },
        {
          "enabled": true,
          "name": "StabilityBricks_1",
          "anchor": "Parent",
          "pos": [
            0.0,
            0.0
          ],
          "opacity": 1.0,
          "trigger": {
            "source": {
              "type": "Inherit"
            },
            "threshold": {
              "threshold_type": "Always",
              "amount_type": "Intensity"
            }
          },
          "filter": {
            "player": {
              "combat": null,
              "specs": [],
              "weapons": [],
              "traits": [],
              "mounts": []
            },
            "map": {
              "category": [],
              "whitelist": true,
              "ids": []
            }
          },
          "animation": {
            "kind": "Pulse",
            "period": 1070
          },
          "type": "Icon",
          "icon": {
            "File": "BoonFX\\Stability\\BoonFX_Stability_1.png"
          },
          "tint": [
            1.0,
            1.0,
            1.0,
            1.0
          ],
          "zoom": 1.0,
          "round": 0.0,
          "border_size": 0.0,
          "border_color": [
            0.0,
            0.0,
            0.0,
            1.0
          ],
          "conditions": [],
          "duration_bar": false,
          "duration_text": false,
          "stacks_text": false,
          "size": [
            100.0,
            70.0
          ]
        },
        {
          "enabled": true,
          "name": "StabilityBricks_2",
          "anchor": "Parent",
          "pos": [
            0.0,
            0.0
          ],
          "opacity": 1.0,
          "trigger": {
            "source": {
              "type": "Inherit"
            },
            "threshold": {
              "threshold_type": "Always",
              "amount_type": "Intensity"
            }
          },
          "filter": {
            "player": {
              "combat": null,
              "specs": [],
              "weapons": [],
              "traits": [],
              "mounts": []
            },
            "map": {
              "category": [],
              "whitelist": true,
              "ids": []
            }
          },
          "animation": {
            "kind": "Pulse",
            "period": 3000
          },
          "type": "Icon",
          "icon": {
            "File": "BoonFX\\Stability\\BoonFX_Stability_2.png"
          },
          "tint": [
            1.0,
            1.0,
            1.0,
            1.0
          ],
          "zoom": 1.0,
          "round": 0.0,
          "border_size": 0.0,
          "border_color": [
            0.0,
            0.0,
            0.0,
            1.0
          ],
          "conditions": [],
          "duration_bar": false,
          "duration_text": false,
          "stacks_text": false,
          "size": [
            100.0,
            70.0
          ]
        }
      ]
    },
    {
      "enabled": true,
      "name": "BoonBar",
      "anchor": "Parent",
      "pos": [
        0.0,
        240.0
      ],
      "opacity": 1.0,
      "trigger": {
        "source": {
          "type": "Buff",
          "combatant": "Player",
          "ids": [
            30328,
            1187,
            740,
            1122
          ]
        },
        "threshold": {
          "threshold_type": "Always",
          "amount_type": "Intensity"
        }
      },
      "filter": {
        "player": {
          "combat": null,
          "specs": [],
          "weapons": [],
          "traits": [],
          "mounts": []
        },
        "map": {
          "category": [],
          "whitelist": true,
          "ids": []
        }
      },
      "animation": null,
      "type": "Group",
      "members": [
        {
          "enabled": true,
          "name": "BoonBar_0",
          "anchor": "Parent",
          "pos": [
            0.0,
            0.0
          ],
          "opacity": 1.0,
          "trigger": {
            "source": {
              "type": "Inherit"
            },
            "threshold": {
              "threshold_type": "Always",
              "amount_type": "Intensity"
            }
          },
          "filter": {
            "player": {
              "combat": null,
              "specs": [],
              "weapons": [],
              "traits": [],
              "mounts": []
            },
            "map": {
              "category": [],
              "whitelist": true,
              "ids": []
            }
          },
          "animation": null,
          "type": "Icon",
          "icon": {
            "File": "BoonFX\\BoonBar\\BoonFX_BoonBar_0.png"
          },
          "tint": [
            1.0,
            1.0,
            1.0,
            1.0
          ],
          "zoom": 1.0,
          "round": 0.0,
          "border_size": 0.0,
          "border_color": [
            0.0,
            0.0,
            0.0,
            1.0
          ],
          "conditions": [],
          "duration_bar": false,
          "duration_text": false,
          "stacks_text": false,
          "size": [
            200.0,
            200.0
          ]
        }
      ]
    },
    {
      "enabled": true,
      "name": "AegisOrb",
      "anchor": "Parent",
      "pos": [
        0.0,
        540.0
      ],
      "opacity": 1.0,
      "trigger": {
        "source": {
          "type": "Buff",
          "combatant": "Player",
          "ids": [
            743
          ]
        },
        "threshold": {
          "threshold_type": "Present",
          "amount_type": "Intensity"
        }
      },
      "filter": {
        "player": {
          "combat": null,
          "specs": [],
          "weapons": [],
          "traits": [],
          "mounts": []
        },
        "map": {
          "category": [],
          "whitelist": true,
          "ids": []
        }
      },
      "animation": null,
      "type": "Group",
      "members": [
        {
          "enabled": true,
          "name": "AegisOrb_1",
          "anchor": "Parent",
          "pos": [
            0.0,
            0.0
          ],
          "opacity": 1.0,
          "trigger": {
            "source": {
              "type": "Inherit"
            },
            "threshold": {
              "threshold_type": "Always",
              "amount_type": "Intensity"
            }
          },
          "filter": {
            "player": {
              "combat": null,
              "specs": [],
              "weapons": [],
              "traits": [],
              "mounts": []
            },
            "map": {
              "category": [],
              "whitelist": true,
              "ids": []
            }
          },
          "animation": null,
          "type": "Icon",
          "icon": {
            "File": "BoonFX\\Aegis\\BoonFX_Aegis_1.png"
          },
          "tint": [
            1.0,
            1.0,
            1.0,
            1.0
          ],
          "zoom": 1.0,
          "round": 0.0,
          "border_size": 0.0,
          "border_color": [
            0.0,
            0.0,
            0.0,
            1.0
          ],
          "conditions": [],
          "duration_bar": false,
          "duration_text": false,
          "stacks_text": false,
          "size": [
            117.0,
            117.0
          ]
        },
        {
          "enabled": true,
          "name": "AegisOrb_2",
          "anchor": "Parent",
          "pos": [
            0.0,
            0.0
          ],
          "opacity": 1.0,
          "trigger": {
            "source": {
              "type": "Inherit"
            },
            "threshold": {
              "threshold_type": "Always",
              "amount_type": "Intensity"
            }
          },
          "filter": {
            "player": {
              "combat": null,
              "specs": [],
              "weapons": [],
              "traits": [],
              "mounts": []
            },
            "map": {
              "category": [],
              "whitelist": true,
              "ids": []
            }
          },
          "animation": {
            "kind": "Pulse",
            "period": 1070
          },
          "type": "Icon",
          "icon": {
            "File": "BoonFX\\Aegis\\BoonFX_Aegis_2.png"
          },
          "tint": [
            1.0,
            1.0,
            1.0,
            1.0
          ],
          "zoom": 1.0,
          "round": 0.0,
          "border_size": 0.0,
          "border_color": [
            0.0,
            0.0,
            0.0,
            1.0
          ],
          "conditions": [],
          "duration_bar": false,
          "duration_text": false,
          "stacks_text": false,
          "size": [
            117.0,
            117.0
          ]
        }
      ]
    },
    {
      "enabled": true,
      "name": "Alacrity",
      "anchor": "Parent",
      "pos": [
        35.0,
        250.0
      ],
      "opacity": 1.0,
      "trigger": {
        "source": {
          "type": "Buff",
          "combatant": "Player",
          "ids": [
            30328
          ]
        },
        "threshold": {
          "threshold_type": "Present",
          "amount_type": "Intensity"
        }
      },
      "filter": {
        "player": {
          "combat": null,
          "specs": [],
          "weapons": [],
          "traits": [],
          "mounts": []
        },
        "map": {
          "category": [],
          "whitelist": true,
          "ids": []
        }
      },
      "animation": null,
      "type": "Group",
      "members": [
        {
          "enabled": true,
          "name": "Alacrity_0",
          "anchor": "Parent",
          "pos": [
            0.0,
            0.0
          ],
          "opacity": 0.303,
          "trigger": {
            "source": {
              "type": "Always"
            },
            "threshold": {
              "threshold_type": "Always",
              "amount_type": "Intensity"
            }
          },
          "filter": {
            "player": {
              "combat": null,
              "specs": [],
              "weapons": [],
              "traits": [],
              "mounts": []
            },
            "map": {
              "category": [],
              "whitelist": true,
              "ids": []
            }
          },
          "animation": null,
          "type": "Icon",
          "icon": {
            "File": "BoonFX\\Alacrity\\BoonFX_Alacrity_0.png"
          },
          "tint": [
            1.0,
            1.0,
            1.0,
            1.0
          ],
          "zoom": 1.0,
          "round": 0.0,
          "border_size": 0.0,
          "border_color": [
            0.0,
            0.0,
            0.0,
            1.0
          ],
          "conditions": [],
          "duration_bar": false,
          "duration_text": false,
          "stacks_text": false,
          "size": [
            32.0,
            32.0
          ]
        },
        {
          "enabled": true,
          "name": "Alacrity_1",
          "anchor": "Parent",
          "pos": [
            0.0,
            0.0
          ],
          "opacity": 1.0,
          "trigger": {
            "source": {
              "type": "Inherit"
            },
            "threshold": {
              "threshold_type": "Always",
              "amount_type": "Intensity"
            }
          },
          "filter": {
            "player": {
              "combat": null,
              "specs": [],
              "weapons": [],
              "traits": [],
              "mounts": []
            },
            "map": {
              "category": [],
              "whitelist": true,
              "ids": []
            }
          },
          "animation": null,
          "type": "Icon",
          "icon": {
            "File": "BoonFX\\Alacrity\\BoonFX_Alacrity_0.png"
          },
          "tint": [
            1.0,
            1.0,
            1.0,
            1.0
          ],
          "zoom": 1.0,
          "round": 0.0,
          "border_size": 0.0,
          "border_color": [
            0.0,
            0.0,
            0.0,
            1.0
          ],
          "conditions": [],
          "duration_bar": true,
          "duration_text": false,
          "stacks_text": false,
          "size": [
            32.0,
            32.0
          ]
        }
      ]
    },
    {
      "enabled": true,
      "name": "Might",
      "anchor": "Parent",
      "pos": [
        0.0,
        250.0
      ],
      "opacity": 1.0,
      "trigger": {
        "source": {
          "type": "Buff",
          "combatant": "Player",
          "ids": [
            740
          ]
        },
        "threshold": {
          "threshold_type": "Present",
          "amount_type": "Intensity"
        }
      },
      "filter": {
        "player": {
          "combat": null,
          "specs": [],
          "weapons": [],
          "traits": [],
          "mounts": []
        },
        "map": {
          "category": [],
          "whitelist": true,
          "ids": []
        }
      },
      "animation": null,
      "type": "Group",
      "members": [
        {
          "enabled": true,
          "name": "Might_0",
          "anchor": "Parent",
          "pos": [
            0.0,
            0.0
          ],
          "opacity": 0.303,
          "trigger": {
            "source": {
              "type": "Always"
            },
            "threshold": {
              "threshold_type": "Always",
              "amount_type": "Intensity"
            }
          },
          "filter": {
            "player": {
              "combat": null,
              "specs": [],
              "weapons": [],
              "traits": [],
              "mounts": []
            },
            "map": {
              "category": [],
              "whitelist": true,
              "ids": []
            }
          },
          "animation": null,
          "type": "Icon",
          "icon": {
            "File": "BoonFX\\Might\\BoonFX_Might_0.png"
          },
          "tint": [
            1.0,
            1.0,
            1.0,
            1.0
          ],
          "zoom": 1.0,
          "round": 0.0,
          "border_size": 0.0,
          "border_color": [
            0.0,
            0.0,
            0.0,
            1.0
          ],
          "conditions": [],
          "duration_bar": false,
          "duration_text": false,
          "stacks_text": false,
          "size": [
            32.0,
            32.0
          ]
        },
        {
          "enabled": true,
          "name": "Might_1",
          "anchor": "Parent",
          "pos": [
            0.0,
            0.0
          ],
          "opacity": 1.0,
          "trigger": {
            "source": {
              "type": "Inherit"
            },
            "threshold": {
              "threshold_type": "Always",
              "amount_type": "Intensity"
            }
          },
          "filter": {
            "player": {
              "combat": null,
              "specs": [],
              "weapons": [],
              "traits": [],
              "mounts": []
            },
            "map": {
              "category": [],
              "whitelist": true,
              "ids": []
            }
          },
          "animation": null,
          "type": "Icon",
          "icon": {
            "File": "BoonFX\\Might\\BoonFX_Might_0.png"
          },
          "tint": [
            1.0,
            1.0,
            1.0,
            1.0
          ],
          "zoom": 1.0,
          "round": 0.0,
          "border_size": 0.0,
          "border_color": [
            0.0,
            0.0,
            0.0,
            1.0
          ],
          "conditions": [],
          "duration_bar": true,
          "duration_text": false,
          "stacks_text": true,
          "size": [
            32.0,
            32.0
          ]
        }
      ]
    },
    {
      "enabled": true,
      "name": "Stability",
      "anchor": "Parent",
      "pos": [
        -70.0,
        250.0
      ],
      "opacity": 1.0,
      "trigger": {
        "source": {
          "type": "Buff",
          "combatant": "Player",
          "ids": [
            1122
          ]
        },
        "threshold": {
          "threshold_type": "Present",
          "amount_type": "Intensity"
        }
      },
      "filter": {
        "player": {
          "combat": null,
          "specs": [],
          "weapons": [],
          "traits": [],
          "mounts": []
        },
        "map": {
          "category": [],
          "whitelist": true,
          "ids": []
        }
      },
      "animation": null,
      "type": "Group",
      "members": [
        {
          "enabled": true,
          "name": "Stability_0",
          "anchor": "Parent",
          "pos": [
            0.0,
            0.0
          ],
          "opacity": 0.303,
          "trigger": {
            "source": {
              "type": "Always"
            },
            "threshold": {
              "threshold_type": "Always",
              "amount_type": "Intensity"
            }
          },
          "filter": {
            "player": {
              "combat": null,
              "specs": [],
              "weapons": [],
              "traits": [],
              "mounts": []
            },
            "map": {
              "category": [],
              "whitelist": true,
              "ids": []
            }
          },
          "animation": null,
          "type": "Icon",
          "icon": {
            "File": "BoonFX\\Stability\\BoonFX_Stability_3.png"
          },
          "tint": [
            1.0,
            1.0,
            1.0,
            1.0
          ],
          "zoom": 1.0,
          "round": 0.0,
          "border_size": 0.0,
          "border_color": [
            0.0,
            0.0,
            0.0,
            1.0
          ],
          "conditions": [],
          "duration_bar": false,
          "duration_text": false,
          "stacks_text": false,
          "size": [
            32.0,
            32.0
          ]
        },
        {
          "enabled": true,
          "name": "Stability_1",
          "anchor": "Parent",
          "pos": [
            0.0,
            0.0
          ],
          "opacity": 1.0,
          "trigger": {
            "source": {
              "type": "Inherit"
            },
            "threshold": {
              "threshold_type": "Always",
              "amount_type": "Intensity"
            }
          },
          "filter": {
            "player": {
              "combat": null,
              "specs": [],
              "weapons": [],
              "traits": [],
              "mounts": []
            },
            "map": {
              "category": [],
              "whitelist": true,
              "ids": []
            }
          },
          "animation": null,
          "type": "Icon",
          "icon": {
            "File": "BoonFX\\Stability\\BoonFX_Stability_3.png"
          },
          "tint": [
            1.0,
            1.0,
            1.0,
            1.0
          ],
          "zoom": 1.0,
          "round": 0.0,
          "border_size": 0.0,
          "border_color": [
            0.0,
            0.0,
            0.0,
            1.0
          ],
          "conditions": [],
          "duration_bar": true,
          "duration_text": false,
          "stacks_text": true,
          "size": [
            32.0,
            32.0
          ]
        }
      ]
    },
    {
      "enabled": true,
      "name": "Quickness",
      "anchor": "Parent",
      "pos": [
        -35.0,
        250.0
      ],
      "opacity": 1.0,
      "trigger": {
        "source": {
          "type": "Buff",
          "combatant": "Player",
          "ids": [
            1187
          ]
        },
        "threshold": {
          "threshold_type": "Present",
          "amount_type": "Intensity"
        }
      },
      "filter": {
        "player": {
          "combat": null,
          "specs": [],
          "weapons": [],
          "traits": [],
          "mounts": []
        },
        "map": {
          "category": [],
          "whitelist": true,
          "ids": []
        }
      },
      "animation": null,
      "type": "Group",
      "members": [
        {
          "enabled": true,
          "name": "Quickness_0",
          "anchor": "Parent",
          "pos": [
            0.0,
            0.0
          ],
          "opacity": 0.303,
          "trigger": {
            "source": {
              "type": "Always"
            },
            "threshold": {
              "threshold_type": "Always",
              "amount_type": "Intensity"
            }
          },
          "filter": {
            "player": {
              "combat": null,
              "specs": [],
              "weapons": [],
              "traits": [],
              "mounts": []
            },
            "map": {
              "category": [],
              "whitelist": true,
              "ids": []
            }
          },
          "animation": null,
          "type": "Icon",
          "icon": {
            "File": "BoonFX\\Quickness\\BoonFX_Quickness_0.png"
          },
          "tint": [
            1.0,
            1.0,
            1.0,
            1.0
          ],
          "zoom": 1.0,
          "round": 0.0,
          "border_size": 0.0,
          "border_color": [
            0.0,
            0.0,
            0.0,
            1.0
          ],
          "conditions": [],
          "duration_bar": false,
          "duration_text": false,
          "stacks_text": false,
          "size": [
            32.0,
            32.0
          ]
        },
        {
          "enabled": true,
          "name": "Quickness_1",
          "anchor": "Parent",
          "pos": [
            0.0,
            0.0
          ],
          "opacity": 1.0,
          "trigger": {
            "source": {
              "type": "Inherit"
            },
            "threshold": {
              "threshold_type": "Always",
              "amount_type": "Intensity"
            }
          },
          "filter": {
            "player": {
              "combat": null,
              "specs": [],
              "weapons": [],
              "traits": [],
              "mounts": []
            },
            "map": {
              "category": [],
              "whitelist": true,
              "ids": []
            }
          },
          "animation": null,
          "type": "Icon",
          "icon": {
            "File": "BoonFX\\Quickness\\BoonFX_Quickness_0.png"
          },
          "tint": [
            1.0,
            1.0,
            1.0,
            1.0
          ],
          "zoom": 1.0,
          "round": 0.0,
          "border_size": 0.0,
          "border_color": [
            0.0,
            0.0,
            0.0,
            1.0
          ],
          "conditions": [],
          "duration_bar": true,
          "duration_text": false,
          "stacks_text": false,
          "size": [
            32.0,
            32.0
          ]
        }
      ]
    },
    {
      "enabled": true,
      "name": "Aegis",
      "anchor": "Parent",
      "pos": [
        70.0,
        250.0
      ],
      "opacity": 1.0,
      "trigger": {
        "source": {
          "type": "Buff",
          "combatant": "Player",
          "ids": [
            743
          ]
        },
        "threshold": {
          "threshold_type": "Present",
          "amount_type": "Intensity"
        }
      },
      "filter": {
        "player": {
          "combat": null,
          "specs": [],
          "weapons": [],
          "traits": [],
          "mounts": []
        },
        "map": {
          "category": [],
          "whitelist": true,
          "ids": []
        }
      },
      "animation": null,
      "type": "Group",
      "members": [
        {
          "enabled": true,
          "name": "Aegis_0",
          "anchor": "Parent",
          "pos": [
            0.0,
            0.0
          ],
          "opacity": 0.303,
          "trigger": {
            "source": {
              "type": "Always"
            },
            "threshold": {
              "threshold_type": "Always",
              "amount_type": "Intensity"
            }
          },
          "filter": {
            "player": {
              "combat": null,
              "specs": [],
              "weapons": [],
              "traits": [],
              "mounts": []
            },
            "map": {
              "category": [],
              "whitelist": true,
              "ids": []
            }
          },
          "animation": null,
          "type": "Icon",
          "icon": {
            "File": "BoonFX\\Aegis\\BoonFX_Aegis_0.png"
          },
          "tint": [
            1.0,
            1.0,
            1.0,
            1.0
          ],
          "zoom": 1.0,
          "round": 0.0,
          "border_size": 0.0,
          "border_color": [
            0.0,
            0.0,
            0.0,
            1.0
          ],
          "conditions": [],
          "duration_bar": false,
          "duration_text": false,
          "stacks_text": false,
          "size": [
            32.0,
            32.0
          ]
        },
        {
          "enabled": true,
          "name": "Aegis_1",
          "anchor": "Parent",
          "pos": [
            0.0,
            0.0
          ],
          "opacity": 1.0,
          "trigger": {
            "source": {
              "type": "Inherit"
            },
            "threshold": {
              "threshold_type": "Always",
              "amount_type": "Intensity"
            }
          },
          "filter": {
            "player": {
              "combat": null,
              "specs": [],
              "weapons": [],
              "traits": [],
              "mounts": []
            },
            "map": {
              "category": [],
              "whitelist": true,
              "ids": []
            }
          },
          "animation": null,
          "type": "Icon",
          "icon": {
            "File": "BoonFX\\Aegis\\BoonFX_Aegis_0.png"
          },
          "tint": [
            1.0,
            1.0,
            1.0,
            1.0
          ],
          "zoom": 1.0,
          "round": 0.0,
          "border_size": 0.0,
          "border_color": [
            0.0,
            0.0,
            0.0,
            1.0
          ],
          "conditions": [],
          "duration_bar": true,
          "duration_text": false,
          "stacks_text": false,
          "size": [
            32.0,
            32.0
          ]
        }
      ]
    }
  ]
}