{
  "schema": "v1",
  "enabled": false,
  "name": "Etchings",
  "anchor": {
    "Screen": "Center"
  },
  "pos": [
    0.0,
    0.0
  ],
  "opacity": 1.0,
  "trigger": {
    "source": {
      "type": "SkillbarSlot",
      "slot": "Weapon2"
    },
    "threshold": {
      "threshold_type": "Always",
      "amount_type": "Intensity"
    }
  },
  "filter": {
    "player": {
      "combat": null,
      "specs": [],
      "weapons": [],
      "traits": [],
      "mounts": []
    },
    "map": {
      "category": [
        "PvE",
        "Instance",
        "Other"
      ],
      "whitelist": true,
      "ids": []
    }
  },
  "animation": {
    "kind": "Pulse",
    "period": 1
  },
  "layer": 0,
  "elements": [
    {
      "enabled": true,
      "name": "Interface Normal",
      "anchor": "Parent",
      "pos": [
        0.0,
        0.0
      ],
      "opacity": 1.0,
      "trigger": {
        "source": {
          "type": "Inherit"
        },
        "threshold": {
          "threshold_type": "Always",
          "amount_type": "Intensity"
        }
      },
      "filter": {
        "player": {
          "combat": null,
          "specs": [],
          "weapons": [],
          "traits": [],
          "mounts": []
        },
        "map": {
          "category": [],
          "whitelist": true,
          "ids": []
        }
      },
      "animation": null,
      "type": "Group",
      "members": [
        {
          "enabled": true,
          "name": "Icons",
          "anchor": "Parent",
          "pos": [
            0.0,
            0.0
          ],
          "opacity": 1.0,
          "trigger": {
            "source": {
              "type": "Inherit"
            },
            "threshold": {
              "threshold_type": "Always",
              "amount_type": "Intensity"
            }
          },
          "filter": {
            "player": {
              "combat": null,
              "specs": [],
              "weapons": [],
              "traits": [],
              "mounts": []
            },
            "map": {
              "category": [],
              "whitelist": true,
              "ids": []
            }
          },
          "animation": null,
          "type": "Group",
          "members": [
            {
              "enabled": true,
              "name": "Empty",
              "anchor": "Parent",
              "pos": [
                0.0,
                0.0
              ],
              "opacity": 1.0,
              "trigger": {
                "source": {
                  "type": "Buff",
                  "combatant": "Player",
                  "ids": []
                },
                "threshold": {
                  "threshold_type": "Present",
                  "amount_type": "Intensity"
                }
              },
              "filter": {
                "player": {
                  "combat": null,
                  "specs": [],
                  "weapons": [],
                  "traits": [],
                  "mounts": []
                },
                "map": {
                  "category": [],
                  "whitelist": true,
                  "ids": []
                }
              },
              "animation": null,
              "type": "IconList",
              "layout": "Dynamic",
              "direction": "Right",
              "size": [
                250.0,
                250.0
              ],
              "pad": 250.0,
              "icons": [
                {
                  "enabled": true,
                  "name": "Fire",
                  "trigger": {
                    "source": {
                      "type": "Inherit"
                    },
                    "threshold": {
                      "threshold_type": "Present",
                      "amount_type": "Intensity"
                    }
                  },
                  "filter": {
                    "player": {
                      "combat": null,
                      "specs": [],
                      "weapons": [],
                      "traits": [],
                      "mounts": []
                    },
                    "map": {
                      "category": [],
                      "whitelist": true,
                      "ids": []
                    }
                  },
                  "icon": {
                    "File": "Etchings\\EtchingWhite3.png"
                  },
                  "tint": [
                    1.0,
                    1.0,
                    1.0,
                    1.0
                  ],
                  "zoom": 1.0,
                  "round": 0.0,
                  "border_size": 0.0,
                  "border_color": [
                    0.0,
                    0.0,
                    0.0,
                    1.0
                  ],
                  "conditions": [],
                  "duration_bar": false,
                  "duration_text": false,
                  "stacks_text": false
                }
              ]
            },
            {
              "enabled": true,
              "name": "Filled",
              "anchor": "Parent",
              "pos": [
                0.0,
                0.0
              ],
              "opacity": 0.55,
              "trigger": {
                "source": {
                  "type": "Inherit"
                },
                "threshold": {
                  "threshold_type": "Always",
                  "amount_type": "Intensity"
                }
              },
              "filter": {
                "player": {
                  "combat": null,
                  "specs": [],
                  "weapons": [],
                  "traits": [],
                  "mounts": []
                },
                "map": {
                  "category": [],
                  "whitelist": true,
                  "ids": []
                }
              },
              "animation": null,
              "type": "IconList",
              "layout": "Static",
              "direction": "Right",
              "size": [
                750.0,
                750.0
              ],
              "pad": -750.0,
              "icons": [
                {
                  "enabled": true,
                  "name": "Regeneration",
                  "trigger": {
                    "source": {
                      "type": "Buff",
                      "combatant": "Player",
                      "ids": [
                        718,
                        17495,
                        17674
                      ]
                    },
                    "threshold": {
                      "threshold_type": "Present",
                      "amount_type": "Intensity"
                    }
                  },
                  "filter": {
                    "player": {
                      "combat": null,
                      "specs": [],
                      "weapons": [],
                      "traits": [],
                      "mounts": []
                    },
                    "map": {
                      "category": [],
                      "whitelist": true,
                      "ids": []
                    }
                  },
                  "icon": {
                    "File": "Etchings\\RegenSymbol.png"
                  },
                  "tint": [
                    1.0,
                    1.0,
                    1.0,
                    1.0
                  ],
                  "zoom": 1.0,
                  "round": 0.0,
                  "border_size": 0.0,
                  "border_color": [
                    0.0,
                    0.0,
                    0.0,
                    1.0
                  ],
                  "conditions": [],
                  "duration_bar": false,
                  "duration_text": false,
                  "stacks_text": false
                },
                {
                  "enabled": true,
                  "name": "Alacrity",
                  "trigger": {
                    "source": {
                      "type": "Buff",
                      "combatant": "Player",
                      "ids": [
                        30328
                      ]
                    },
                    "threshold": {
                      "threshold_type": "Present",
                      "amount_type": "Intensity"
                    }
                  },
                  "filter": {
                    "player": {
                      "combat": null,
                      "specs": [],
                      "weapons": [],
                      "traits": [],
                      "mounts": []
                    },
                    "map": {
                      "category": [],
                      "whitelist": true,
                      "ids": []
                    }
                  },
                  "icon": {
                    "File": "Etchings\\EarthFilled.png"
                  },
                  "tint": [
                    1.0,
                    1.0,
                    1.0,
                    1.0
                  ],
                  "zoom": 1.0,
                  "round": 0.0,
                  "border_size": 0.0,
                  "border_color": [
                    0.0,
                    0.0,
                    0.0,
                    1.0
                  ],
                  "conditions": [],
                  "duration_bar": false,
                  "duration_text": false,
                  "stacks_text": false
                },
                {
                  "enabled": false,
                  "name": "Aegis",
                  "trigger": {
                    "source": {
                      "type": "Buff",
                      "combatant": "Player",
                      "ids": [
                        743
                      ]
                    },
                    "threshold": {
                      "threshold_type": "Present",
                      "amount_type": "Intensity"
                    }
                  },
                  "filter": {
                    "player": {
                      "combat": null,
                      "specs": [],
                      "weapons": [],
                      "traits": [],
                      "mounts": []
                    },
                    "map": {
                      "category": [],
                      "whitelist": true,
                      "ids": []
                    }
                  },
                  "icon": {
                    "File": "Etchings\\2.png"
                  },
                  "tint": [
                    1.0,
                    1.0,
                    1.0,
                    1.0
                  ],
                  "zoom": 1.0,
                  "round": 0.0,
                  "border_size": 0.0,
                  "border_color": [
                    0.0,
                    0.0,
                    0.0,
                    1.0
                  ],
                  "conditions": [],
                  "duration_bar": false,
                  "duration_text": false,
                  "stacks_text": false
                },
                {
                  "enabled": true,
                  "name": "Fury",
                  "trigger": {
                    "source": {
                      "type": "SkillbarSlot",
                      "slot": "Weapon2"
                    },
                    "threshold": {
                      "threshold_type": "Present",
                      "amount_type": "Intensity"
                    }
                  },
                  "filter": {
                    "player": {
                      "combat": null,
                      "specs": [],
                      "weapons": [],
                      "traits": [],
                      "mounts": []
                    },
                    "map": {
                      "category": [],
                      "whitelist": true,
                      "ids": []
                    }
                  },
                  "icon": {
                    "File": "Etchings\\FurySymbol.png"
                  },
                  "tint": [
                    1.0,
                    1.0,
                    1.0,
                    1.0
                  ],
                  "zoom": 1.0,
                  "round": 0.0,
                  "border_size": 0.0,
                  "border_color": [
                    0.0,
                    0.0,
                    0.0,
                    1.0
                  ],
                  "conditions": [],
                  "duration_bar": false,
                  "duration_text": false,
                  "stacks_text": false
                }
              ]
            }
          ]
        }
      ]
    }
  ]
}