{
  "schema": "v1",
  "enabled": false,
  "name": "MiniBoonBar",
  "anchor": {
    "Screen": "BottomCenter"
  },
  "pos": [
    0.0,
    -250.0
  ],
  "opacity": 0.8,
  "trigger": {
    "source": {
      "type": "Buff",
      "combatant": "Player",
      "ids": [
        1187
      ]
    },
    "threshold": {
      "threshold_type": "Present",
      "amount_type": "Intensity"
    }
  },
  "filter": {
    "player": {
      "combat": null,
      "specs": [],
      "weapons": [],
      "traits": [],
      "mounts": []
    },
    "map": {
      "category": [],
      "whitelist": true,
      "ids": []
    }
  },
  "animation": null,
  "layer": 0,
  "elements": [
    {
      "enabled": true,
      "name": "Alacrity",
      "anchor": "Parent",
      "pos": [
        -10.0,
        -140.0
      ],
      "opacity": 1.0,
      "trigger": {
        "source": {
          "type": "Inherit"
        },
        "threshold": {
          "threshold_type": "Always",
          "amount_type": "Intensity"
        }
      },
      "filter": {
        "player": {
          "combat": null,
          "specs": [],
          "weapons": [],
          "traits": [],
          "mounts": []
        },
        "map": {
          "category": [],
          "whitelist": true,
          "ids": []
        }
      },
      "animation": null,
      "type": "IconList",
      "layout": "Dynamic",
      "direction": "Right",
      "size": [
        150.0,
        150.0
      ],
      "pad": -150.0,
      "icons": [
        {
          "enabled": true,
          "name": "Alacirty",
          "trigger": {
            "source": {
              "type": "Buff",
              "combatant": "Player",
              "ids": [
                30328
              ]
            },
            "threshold": {
              "threshold_type": "Present",
              "amount_type": "Intensity"
            }
          },
          "filter": {
            "player": {
              "combat": null,
              "specs": [],
              "weapons": [],
              "traits": [],
              "mounts": []
            },
            "map": {
              "category": [],
              "whitelist": true,
              "ids": []
            }
          },
          "icon": {
            "File": "BoonBar\\AlacBuff-2.png"
          },
          "tint": [
            1.0,
            1.0,
            1.0,
            1.0
          ],
          "zoom": 1.0,
          "round": 0.0,
          "border_size": 0.0,
          "border_color": [
            0.0,
            0.0,
            0.0,
            1.0
          ],
          "conditions": [],
          "duration_bar": false,
          "duration_text": false,
          "stacks_text": false
        },
        {
          "enabled": true,
          "name": "Alacirty",
          "trigger": {
            "source": {
              "type": "Buff",
              "combatant": "Player",
              "ids": [
                30328
              ]
            },
            "threshold": {
              "threshold_type": {
                "Between": [
                  0.001,
                  3.0
                ]
              },
              "amount_type": "Duration"
            }
          },
          "filter": {
            "player": {
              "combat": null,
              "specs": [],
              "weapons": [],
              "traits": [],
              "mounts": []
            },
            "map": {
              "category": [],
              "whitelist": true,
              "ids": []
            }
          },
          "icon": {
            "File": "BoonBar\\AlacBuff-2.png"
          },
          "tint": [
            1.0,
            0.0,
            0.0,
            1.0
          ],
          "zoom": 1.0,
          "round": 0.0,
          "border_size": 0.0,
          "border_color": [
            0.0,
            0.0,
            0.0,
            1.0
          ],
          "conditions": [],
          "duration_bar": false,
          "duration_text": false,
          "stacks_text": false
        }
      ]
    },
    {
      "enabled": true,
      "name": "Quickness",
      "anchor": "Parent",
      "pos": [
        -40.0,
        -140.0
      ],
      "opacity": 1.0,
      "trigger": {
        "source": {
          "type": "Inherit"
        },
        "threshold": {
          "threshold_type": "Always",
          "amount_type": "Intensity"
        }
      },
      "filter": {
        "player": {
          "combat": null,
          "specs": [],
          "weapons": [],
          "traits": [],
          "mounts": []
        },
        "map": {
          "category": [],
          "whitelist": true,
          "ids": []
        }
      },
      "animation": null,
      "type": "IconList",
      "layout": "Dynamic",
      "direction": "Right",
      "size": [
        150.0,
        150.0
      ],
      "pad": -150.0,
      "icons": [
        {
          "enabled": true,
          "name": "Quickness",
          "trigger": {
            "source": {
              "type": "Buff",
              "combatant": "Player",
              "ids": [
                1187
              ]
            },
            "threshold": {
              "threshold_type": "Present",
              "amount_type": "Intensity"
            }
          },
          "filter": {
            "player": {
              "combat": null,
              "specs": [],
              "weapons": [],
              "traits": [],
              "mounts": []
            },
            "map": {
              "category": [],
              "whitelist": true,
              "ids": []
            }
          },
          "icon": {
            "File": "BoonBar\\QuickBuff-2.png"
          },
          "tint": [
            1.0,
            1.0,
            1.0,
            1.0
          ],
          "zoom": 1.0,
          "round": 0.0,
          "border_size": 0.0,
          "border_color": [
            0.0,
            0.0,
            0.0,
            1.0
          ],
          "conditions": [],
          "duration_bar": false,
          "duration_text": false,
          "stacks_text": false
        },
        {
          "enabled": true,
          "name": "Quickness",
          "trigger": {
            "source": {
              "type": "Buff",
              "combatant": "Player",
              "ids": [
                1187
              ]
            },
            "threshold": {
              "threshold_type": {
                "Between": [
                  0.001,
                  3.0
                ]
              },
              "amount_type": "Duration"
            }
          },
          "filter": {
            "player": {
              "combat": null,
              "specs": [],
              "weapons": [],
              "traits": [],
              "mounts": []
            },
            "map": {
              "category": [],
              "whitelist": true,
              "ids": []
            }
          },
          "icon": {
            "File": "BoonBar\\QuickBuff-2.png"
          },
          "tint": [
            1.0,
            0.0,
            0.0,
            1.0
          ],
          "zoom": 1.0,
          "round": 0.0,
          "border_size": 0.0,
          "border_color": [
            0.0,
            0.0,
            0.0,
            1.0
          ],
          "conditions": [],
          "duration_bar": false,
          "duration_text": false,
          "stacks_text": false
        }
      ]
    },
    {
      "enabled": true,
      "name": "Stability",
      "anchor": "Parent",
      "pos": [
        20.0,
        -140.0
      ],
      "opacity": 1.0,
      "trigger": {
        "source": {
          "type": "Inherit"
        },
        "threshold": {
          "threshold_type": "Always",
          "amount_type": "Intensity"
        }
      },
      "filter": {
        "player": {
          "combat": null,
          "specs": [],
          "weapons": [],
          "traits": [],
          "mounts": []
        },
        "map": {
          "category": [],
          "whitelist": true,
          "ids": []
        }
      },
      "animation": null,
      "type": "IconList",
      "layout": "Dynamic",
      "direction": "Right",
      "size": [
        150.0,
        150.0
      ],
      "pad": -150.0,
      "icons": [
        {
          "enabled": true,
          "name": "Stability",
          "trigger": {
            "source": {
              "type": "Buff",
              "combatant": "Player",
              "ids": [
                1122
              ]
            },
            "threshold": {
              "threshold_type": "Present",
              "amount_type": "Intensity"
            }
          },
          "filter": {
            "player": {
              "combat": null,
              "specs": [],
              "weapons": [],
              "traits": [],
              "mounts": []
            },
            "map": {
              "category": [],
              "whitelist": true,
              "ids": []
            }
          },
          "icon": {
            "File": "BoonBar\\StabBuff-2.png"
          },
          "tint": [
            1.0,
            1.0,
            1.0,
            1.0
          ],
          "zoom": 1.0,
          "round": 0.0,
          "border_size": 0.0,
          "border_color": [
            0.0,
            0.0,
            0.0,
            1.0
          ],
          "conditions": [],
          "duration_bar": false,
          "duration_text": false,
          "stacks_text": false
        },
        {
          "enabled": true,
          "name": "Stability",
          "trigger": {
            "source": {
              "type": "Buff",
              "combatant": "Player",
              "ids": [
                1122
              ]
            },
            "threshold": {
              "threshold_type": {
                "Between": [
                  0.001,
                  3.0
                ]
              },
              "amount_type": "Duration"
            }
          },
          "filter": {
            "player": {
              "combat": null,
              "specs": [],
              "weapons": [],
              "traits": [],
              "mounts": []
            },
            "map": {
              "category": [],
              "whitelist": true,
              "ids": []
            }
          },
          "icon": {
            "File": "BoonBar\\StabBuff-2.png"
          },
          "tint": [
            1.0,
            0.0,
            0.0,
            1.0
          ],
          "zoom": 1.0,
          "round": 0.0,
          "border_size": 0.0,
          "border_color": [
            0.0,
            0.0,
            0.0,
            1.0
          ],
          "conditions": [],
          "duration_bar": false,
          "duration_text": false,
          "stacks_text": false
        }
      ]
    },
    {
      "enabled": true,
      "name": "Aegis",
      "anchor": "Parent",
      "pos": [
        50.0,
        -140.0
      ],
      "opacity": 1.0,
      "trigger": {
        "source": {
          "type": "Inherit"
        },
        "threshold": {
          "threshold_type": "Always",
          "amount_type": "Intensity"
        }
      },
      "filter": {
        "player": {
          "combat": null,
          "specs": [],
          "weapons": [],
          "traits": [],
          "mounts": []
        },
        "map": {
          "category": [],
          "whitelist": true,
          "ids": []
        }
      },
      "animation": null,
      "type": "IconList",
      "layout": "Dynamic",
      "direction": "Right",
      "size": [
        150.0,
        150.0
      ],
      "pad": -150.0,
      "icons": [
        {
          "enabled": true,
          "name": "Aegis",
          "trigger": {
            "source": {
              "type": "Buff",
              "combatant": "Player",
              "ids": [
                743
              ]
            },
            "threshold": {
              "threshold_type": "Present",
              "amount_type": "Intensity"
            }
          },
          "filter": {
            "player": {
              "combat": null,
              "specs": [],
              "weapons": [],
              "traits": [],
              "mounts": []
            },
            "map": {
              "category": [],
              "whitelist": true,
              "ids": []
            }
          },
          "icon": {
            "File": "BoonBar\\AegisBuff-2.png"
          },
          "tint": [
            1.0,
            1.0,
            1.0,
            1.0
          ],
          "zoom": 1.0,
          "round": 0.0,
          "border_size": 0.0,
          "border_color": [
            0.0,
            0.0,
            0.0,
            1.0
          ],
          "conditions": [],
          "duration_bar": false,
          "duration_text": false,
          "stacks_text": false
        },
        {
          "enabled": true,
          "name": "Aegis",
          "trigger": {
            "source": {
              "type": "Buff",
              "combatant": "Player",
              "ids": [
                743
              ]
            },
            "threshold": {
              "threshold_type": {
                "Between": [
                  0.001,
                  3.0
                ]
              },
              "amount_type": "Duration"
            }
          },
          "filter": {
            "player": {
              "combat": null,
              "specs": [],
              "weapons": [],
              "traits": [],
              "mounts": []
            },
            "map": {
              "category": [],
              "whitelist": true,
              "ids": []
            }
          },
          "icon": {
            "File": "BoonBar\\AegisBuff-2.png"
          },
          "tint": [
            1.0,
            0.0,
            0.0,
            1.0
          ],
          "zoom": 1.0,
          "round": 0.0,
          "border_size": 0.0,
          "border_color": [
            0.0,
            0.0,
            0.0,
            1.0
          ],
          "conditions": [],
          "duration_bar": false,
          "duration_text": false,
          "stacks_text": false
        }
      ]
    },
    {
      "enabled": true,
      "name": "BoonBar",
      "anchor": "Parent",
      "pos": [
        0.0,
        -117.0
      ],
      "opacity": 0.5,
      "trigger": {
        "source": {
          "type": "Inherit"
        },
        "threshold": {
          "threshold_type": "Always",
          "amount_type": "Intensity"
        }
      },
      "filter": {
        "player": {
          "combat": null,
          "specs": [],
          "weapons": [],
          "traits": [],
          "mounts": []
        },
        "map": {
          "category": [],
          "whitelist": true,
          "ids": []
        }
      },
      "animation": null,
      "type": "IconList",
      "layout": "Dynamic",
      "direction": "Right",
      "size": [
        500.0,
        500.0
      ],
      "pad": -500.0,
      "icons": [
        {
          "enabled": true,
          "name": "BoonBar",
          "trigger": {
            "source": {
              "type": "Buff",
              "combatant": "Player",
              "ids": [
                1187,
                1122,
                30328,
                743
              ]
            },
            "threshold": {
              "threshold_type": "Present",
              "amount_type": "Intensity"
            }
          },
          "filter": {
            "player": {
              "combat": null,
              "specs": [],
              "weapons": [],
              "traits": [],
              "mounts": []
            },
            "map": {
              "category": [],
              "whitelist": true,
              "ids": []
            }
          },
          "icon": {
            "File": "BoonBar\\BoonBar.png"
          },
          "tint": [
            1.0,
            1.0,
            1.0,
            1.0
          ],
          "zoom": 1.0,
          "round": 0.0,
          "border_size": 0.0,
          "border_color": [
            0.0,
            0.0,
            0.0,
            1.0
          ],
          "conditions": [],
          "duration_bar": false,
          "duration_text": false,
          "stacks_text": false
        }
      ]
    }
  ]
}