{
  "schema": "v1",
  "enabled": true,
  "name": "Paragon",
  "anchor": {
    "Screen": "Center"
  },
  "pos": [
    0.0,
    0.0
  ],
  "opacity": 1.0,
  "trigger": {
    "source": {
      "type": "Inherit"
    },
    "threshold": {
      "threshold_type": "Always",
      "amount_type": "Intensity"
    }
  },
  "filter": {
    "player": {
      "combat": null,
      "specs": [],
      "weapons": [],
      "traits": [],
      "mounts": []
    },
    "map": {
      "category": [
        "PvE",
        "Instance",
        "Other"
      ],
      "whitelist": true,
      "ids": []
    }
  },
  "animation": null,
  "layer": 0,
  "elements": [
    {
      "enabled": true,
      "name": "Motivation",
      "anchor": "Parent",
      "pos": [
        10.0,
        300.0
      ],
      "opacity": 1.0,
      "trigger": {
        "source": {
          "type": "Inherit"
        },
        "threshold": {
          "threshold_type": "Always",
          "amount_type": "Intensity"
        }
      },
      "filter": {
        "player": {
          "combat": null,
          "specs": [
            "Paragon"
          ],
          "weapons": [],
          "traits": [],
          "mounts": []
        },
        "map": {
          "category": [],
          "whitelist": true,
          "ids": []
        }
      },
      "animation": null,
      "type": "IconList",
      "layout": "Dynamic",
      "direction": "Right",
      "size": [
        500.0,
        500.0
      ],
      "pad": -500.0,
      "icons": [
        {
          "enabled": true,
          "name": "Empty",
          "trigger": {
            "source": {
              "type": "SecondaryResource"
            },
            "threshold": {
              "threshold_type": "Always",
              "amount_type": "Intensity"
            }
          },
          "filter": {
            "player": {
              "combat": null,
              "specs": [],
              "weapons": [],
              "traits": [],
              "mounts": []
            },
            "map": {
              "category": [],
              "whitelist": true,
              "ids": []
            }
          },
          "icon": {
            "File": "Paragon\\Motivation_0.png"
          },
          "tint": [
            1.0,
            1.0,
            1.0,
            1.0
          ],
          "zoom": 1.0,
          "round": 0.0,
          "border_size": 0.0,
          "border_color": [
            0.0,
            0.0,
            0.0,
            1.0
          ],
          "conditions": [],
          "duration_bar": false,
          "duration_text": false,
          "stacks_text": false
        },
        {
          "enabled": true,
          "name": "1",
          "trigger": {
            "source": {
              "type": "SecondaryResource"
            },
            "threshold": {
              "threshold_type": {
                "Between": [
                  1.0,
                  11.0
                ]
              },
              "amount_type": "Intensity"
            }
          },
          "filter": {
            "player": {
              "combat": null,
              "specs": [],
              "weapons": [],
              "traits": [],
              "mounts": []
            },
            "map": {
              "category": [],
              "whitelist": true,
              "ids": []
            }
          },
          "icon": {
            "File": "Paragon\\Motivation_1.png"
          },
          "tint": [
            1.0,
            1.0,
            1.0,
            1.0
          ],
          "zoom": 1.0,
          "round": 0.0,
          "border_size": 0.0,
          "border_color": [
            0.0,
            0.0,
            0.0,
            1.0
          ],
          "conditions": [],
          "duration_bar": false,
          "duration_text": false,
          "stacks_text": false
        },
        {
          "enabled": true,
          "name": "2",
          "trigger": {
            "source": {
              "type": "SecondaryResource"
            },
            "threshold": {
              "threshold_type": {
                "Between": [
                  2.0,
                  11.0
                ]
              },
              "amount_type": "Intensity"
            }
          },
          "filter": {
            "player": {
              "combat": null,
              "specs": [],
              "weapons": [],
              "traits": [],
              "mounts": []
            },
            "map": {
              "category": [],
              "whitelist": true,
              "ids": []
            }
          },
          "icon": {
            "File": "Paragon\\Motivation_2.png"
          },
          "tint": [
            1.0,
            1.0,
            1.0,
            1.0
          ],
          "zoom": 1.0,
          "round": 0.0,
          "border_size": 0.0,
          "border_color": [
            0.0,
            0.0,
            0.0,
            1.0
          ],
          "conditions": [],
          "duration_bar": false,
          "duration_text": false,
          "stacks_text": false
        },
        {
          "enabled": true,
          "name": "3",
          "trigger": {
            "source": {
              "type": "SecondaryResource"
            },
            "threshold": {
              "threshold_type": {
                "Between": [
                  3.0,
                  11.0
                ]
              },
              "amount_type": "Intensity"
            }
          },
          "filter": {
            "player": {
              "combat": null,
              "specs": [],
              "weapons": [],
              "traits": [],
              "mounts": []
            },
            "map": {
              "category": [],
              "whitelist": true,
              "ids": []
            }
          },
          "icon": {
            "File": "Paragon\\Motivation_3.png"
          },
          "tint": [
            1.0,
            1.0,
            1.0,
            1.0
          ],
          "zoom": 1.0,
          "round": 0.0,
          "border_size": 0.0,
          "border_color": [
            0.0,
            0.0,
            0.0,
            1.0
          ],
          "conditions": [],
          "duration_bar": false,
          "duration_text": false,
          "stacks_text": false
        },
        {
          "enabled": true,
          "name": "4",
          "trigger": {
            "source": {
              "type": "SecondaryResource"
            },
            "threshold": {
              "threshold_type": {
                "Between": [
                  4.0,
                  11.0
                ]
              },
              "amount_type": "Intensity"
            }
          },
          "filter": {
            "player": {
              "combat": null,
              "specs": [],
              "weapons": [],
              "traits": [],
              "mounts": []
            },
            "map": {
              "category": [],
              "whitelist": true,
              "ids": []
            }
          },
          "icon": {
            "File": "Paragon\\Motivation_4.png"
          },
          "tint": [
            1.0,
            1.0,
            1.0,
            1.0
          ],
          "zoom": 1.0,
          "round": 0.0,
          "border_size": 0.0,
          "border_color": [
            0.0,
            0.0,
            0.0,
            1.0
          ],
          "conditions": [],
          "duration_bar": false,
          "duration_text": false,
          "stacks_text": false
        },
        {
          "enabled": true,
          "name": "5",
          "trigger": {
            "source": {
              "type": "SecondaryResource"
            },
            "threshold": {
              "threshold_type": {
                "Between": [
                  5.0,
                  11.0
                ]
              },
              "amount_type": "Intensity"
            }
          },
          "filter": {
            "player": {
              "combat": null,
              "specs": [],
              "weapons": [],
              "traits": [],
              "mounts": []
            },
            "map": {
              "category": [],
              "whitelist": true,
              "ids": []
            }
          },
          "icon": {
            "File": "Paragon\\Motivation_5.png"
          },
          "tint": [
            1.0,
            1.0,
            1.0,
            1.0
          ],
          "zoom": 1.0,
          "round": 0.0,
          "border_size": 0.0,
          "border_color": [
            0.0,
            0.0,
            0.0,
            1.0
          ],
          "conditions": [],
          "duration_bar": false,
          "duration_text": false,
          "stacks_text": false
        },
        {
          "enabled": true,
          "name": "6",
          "trigger": {
            "source": {
              "type": "SecondaryResource"
            },
            "threshold": {
              "threshold_type": {
                "Between": [
                  6.0,
                  11.0
                ]
              },
              "amount_type": "Intensity"
            }
          },
          "filter": {
            "player": {
              "combat": null,
              "specs": [],
              "weapons": [],
              "traits": [],
              "mounts": []
            },
            "map": {
              "category": [],
              "whitelist": true,
              "ids": []
            }
          },
          "icon": {
            "File": "Paragon\\Motivation_6.png"
          },
          "tint": [
            1.0,
            1.0,
            1.0,
            1.0
          ],
          "zoom": 1.0,
          "round": 0.0,
          "border_size": 0.0,
          "border_color": [
            0.0,
            0.0,
            0.0,
            1.0
          ],
          "conditions": [],
          "duration_bar": false,
          "duration_text": false,
          "stacks_text": false
        },
        {
          "enabled": true,
          "name": "7",
          "trigger": {
            "source": {
              "type": "SecondaryResource"
            },
            "threshold": {
              "threshold_type": {
                "Between": [
                  7.0,
                  11.0
                ]
              },
              "amount_type": "Intensity"
            }
          },
          "filter": {
            "player": {
              "combat": null,
              "specs": [],
              "weapons": [],
              "traits": [],
              "mounts": []
            },
            "map": {
              "category": [],
              "whitelist": true,
              "ids": []
            }
          },
          "icon": {
            "File": "Paragon\\Motivation_7.png"
          },
          "tint": [
            1.0,
            1.0,
            1.0,
            1.0
          ],
          "zoom": 1.0,
          "round": 0.0,
          "border_size": 0.0,
          "border_color": [
            0.0,
            0.0,
            0.0,
            1.0
          ],
          "conditions": [],
          "duration_bar": false,
          "duration_text": false,
          "stacks_text": false
        },
        {
          "enabled": true,
          "name": "8",
          "trigger": {
            "source": {
              "type": "SecondaryResource"
            },
            "threshold": {
              "threshold_type": {
                "Between": [
                  8.0,
                  11.0
                ]
              },
              "amount_type": "Intensity"
            }
          },
          "filter": {
            "player": {
              "combat": null,
              "specs": [],
              "weapons": [],
              "traits": [],
              "mounts": []
            },
            "map": {
              "category": [],
              "whitelist": true,
              "ids": []
            }
          },
          "icon": {
            "File": "Paragon\\Motivation_8.png"
          },
          "tint": [
            1.0,
            1.0,
            1.0,
            1.0
          ],
          "zoom": 1.0,
          "round": 0.0,
          "border_size": 0.0,
          "border_color": [
            0.0,
            0.0,
            0.0,
            1.0
          ],
          "conditions": [],
          "duration_bar": false,
          "duration_text": false,
          "stacks_text": false
        },
        {
          "enabled": true,
          "name": "9",
          "trigger": {
            "source": {
              "type": "SecondaryResource"
            },
            "threshold": {
              "threshold_type": {
                "Between": [
                  9.0,
                  11.0
                ]
              },
              "amount_type": "Intensity"
            }
          },
          "filter": {
            "player": {
              "combat": null,
              "specs": [],
              "weapons": [],
              "traits": [],
              "mounts": []
            },
            "map": {
              "category": [],
              "whitelist": true,
              "ids": []
            }
          },
          "icon": {
            "File": "Paragon\\Motivation_9.png"
          },
          "tint": [
            1.0,
            1.0,
            1.0,
            1.0
          ],
          "zoom": 1.0,
          "round": 0.0,
          "border_size": 0.0,
          "border_color": [
            0.0,
            0.0,
            0.0,
            1.0
          ],
          "conditions": [],
          "duration_bar": false,
          "duration_text": false,
          "stacks_text": false
        },
        {
          "enabled": true,
          "name": "10",
          "trigger": {
            "source": {
              "type": "SecondaryResource"
            },
            "threshold": {
              "threshold_type": {
                "Between": [
                  10.0,
                  11.0
                ]
              },
              "amount_type": "Intensity"
            }
          },
          "filter": {
            "player": {
              "combat": null,
              "specs": [],
              "weapons": [],
              "traits": [],
              "mounts": []
            },
            "map": {
              "category": [],
              "whitelist": true,
              "ids": []
            }
          },
          "icon": {
            "File": "Paragon\\Motivation_10.png"
          },
          "tint": [
            1.0,
            1.0,
            1.0,
            1.0
          ],
          "zoom": 1.0,
          "round": 0.0,
          "border_size": 0.0,
          "border_color": [
            0.0,
            0.0,
            0.0,
            1.0
          ],
          "conditions": [],
          "duration_bar": false,
          "duration_text": false,
          "stacks_text": false
        }
      ]
    },
    {
      "enabled": true,
      "name": "Shield",
      "anchor": "Parent",
      "pos": [
        0.0,
        225.0
      ],
      "opacity": 1.0,
      "trigger": {
        "source": {
          "type": "Inherit"
        },
        "threshold": {
          "threshold_type": "Always",
          "amount_type": "Intensity"
        }
      },
      "filter": {
        "player": {
          "combat": null,
          "specs": [
            "Paragon"
          ],
          "weapons": [],
          "traits": [],
          "mounts": []
        },
        "map": {
          "category": [],
          "whitelist": true,
          "ids": []
        }
      },
      "animation": null,
      "type": "IconList",
      "layout": "Dynamic",
      "direction": "Right",
      "size": [
        200.0,
        200.0
      ],
      "pad": -200.0,
      "icons": [
        {
          "enabled": true,
          "name": "Empty",
          "trigger": {
            "source": {
              "type": "SecondaryResource"
            },
            "threshold": {
              "threshold_type": "Always",
              "amount_type": "Intensity"
            }
          },
          "filter": {
            "player": {
              "combat": null,
              "specs": [],
              "weapons": [],
              "traits": [],
              "mounts": []
            },
            "map": {
              "category": [],
              "whitelist": true,
              "ids": []
            }
          },
          "icon": {
            "File": "Paragon\\Paragon_0.png"
          },
          "tint": [
            1.0,
            1.0,
            1.0,
            1.0
          ],
          "zoom": 1.0,
          "round": 0.0,
          "border_size": 0.0,
          "border_color": [
            0.0,
            0.0,
            0.0,
            1.0
          ],
          "conditions": [],
          "duration_bar": false,
          "duration_text": false,
          "stacks_text": false
        },
        {
          "enabled": true,
          "name": "1_3",
          "trigger": {
            "source": {
              "type": "SecondaryResource"
            },
            "threshold": {
              "threshold_type": {
                "Between": [
                  1.0,
                  3.0
                ]
              },
              "amount_type": "Intensity"
            }
          },
          "filter": {
            "player": {
              "combat": null,
              "specs": [],
              "weapons": [],
              "traits": [],
              "mounts": []
            },
            "map": {
              "category": [],
              "whitelist": true,
              "ids": []
            }
          },
          "icon": {
            "File": "Paragon\\Paragon_3.png"
          },
          "tint": [
            1.0,
            1.0,
            1.0,
            1.0
          ],
          "zoom": 1.0,
          "round": 0.0,
          "border_size": 0.0,
          "border_color": [
            0.0,
            0.0,
            0.0,
            1.0
          ],
          "conditions": [],
          "duration_bar": false,
          "duration_text": false,
          "stacks_text": false
        },
        {
          "enabled": true,
          "name": "4_6",
          "trigger": {
            "source": {
              "type": "SecondaryResource"
            },
            "threshold": {
              "threshold_type": {
                "Between": [
                  4.0,
                  6.0
                ]
              },
              "amount_type": "Intensity"
            }
          },
          "filter": {
            "player": {
              "combat": null,
              "specs": [],
              "weapons": [],
              "traits": [],
              "mounts": []
            },
            "map": {
              "category": [],
              "whitelist": true,
              "ids": []
            }
          },
          "icon": {
            "File": "Paragon\\Paragon_6.png"
          },
          "tint": [
            1.0,
            1.0,
            1.0,
            1.0
          ],
          "zoom": 1.0,
          "round": 0.0,
          "border_size": 0.0,
          "border_color": [
            0.0,
            0.0,
            0.0,
            1.0
          ],
          "conditions": [],
          "duration_bar": false,
          "duration_text": false,
          "stacks_text": false
        },
        {
          "enabled": true,
          "name": "7_10",
          "trigger": {
            "source": {
              "type": "SecondaryResource"
            },
            "threshold": {
              "threshold_type": {
                "Between": [
                  7.0,
                  10.0
                ]
              },
              "amount_type": "Intensity"
            }
          },
          "filter": {
            "player": {
              "combat": null,
              "specs": [],
              "weapons": [],
              "traits": [],
              "mounts": []
            },
            "map": {
              "category": [],
              "whitelist": true,
              "ids": []
            }
          },
          "icon": {
            "File": "Paragon\\Paragon_10.png"
          },
          "tint": [
            1.0,
            1.0,
            1.0,
            1.0
          ],
          "zoom": 1.0,
          "round": 0.0,
          "border_size": 0.0,
          "border_color": [
            0.0,
            0.0,
            0.0,
            1.0
          ],
          "conditions": [],
          "duration_bar": false,
          "duration_text": false,
          "stacks_text": false
        }
      ]
    },
    {
      "enabled": true,
      "name": "Chant",
      "anchor": "Parent",
      "pos": [
        0.0,
        225.0
      ],
      "opacity": 1.0,
      "trigger": {
        "source": {
          "type": "Inherit"
        },
        "threshold": {
          "threshold_type": "Always",
          "amount_type": "Intensity"
        }
      },
      "filter": {
        "player": {
          "combat": null,
          "specs": [
            "Paragon"
          ],
          "weapons": [],
          "traits": [],
          "mounts": []
        },
        "map": {
          "category": [],
          "whitelist": true,
          "ids": []
        }
      },
      "animation": null,
      "type": "IconList",
      "layout": "Dynamic",
      "direction": "Right",
      "size": [
        200.0,
        200.0
      ],
      "pad": -200.0,
      "icons": [
        {
          "enabled": true,
          "name": "Action",
          "trigger": {
            "source": {
              "type": "Buff",
              "combatant": "Player",
              "ids": [
                76865
              ]
            },
            "threshold": {
              "threshold_type": "Present",
              "amount_type": "Intensity"
            }
          },
          "filter": {
            "player": {
              "combat": null,
              "specs": [],
              "weapons": [],
              "traits": [],
              "mounts": []
            },
            "map": {
              "category": [],
              "whitelist": true,
              "ids": []
            }
          },
          "icon": {
            "File": "Paragon\\Paragon_Action.png"
          },
          "tint": [
            1.0,
            1.0,
            1.0,
            1.0
          ],
          "zoom": 1.0,
          "round": 0.0,
          "border_size": 0.0,
          "border_color": [
            0.0,
            0.0,
            0.0,
            1.0
          ],
          "conditions": [],
          "duration_bar": false,
          "duration_text": false,
          "stacks_text": false
        },
        {
          "enabled": true,
          "name": "Recuperation",
          "trigger": {
            "source": {
              "type": "Buff",
              "combatant": "Player",
              "ids": [
                77378
              ]
            },
            "threshold": {
              "threshold_type": "Present",
              "amount_type": "Intensity"
            }
          },
          "filter": {
            "player": {
              "combat": null,
              "specs": [],
              "weapons": [],
              "traits": [],
              "mounts": []
            },
            "map": {
              "category": [],
              "whitelist": true,
              "ids": []
            }
          },
          "icon": {
            "File": "Paragon\\Paragon_Recuperation.png"
          },
          "tint": [
            1.0,
            1.0,
            1.0,
            1.0
          ],
          "zoom": 1.0,
          "round": 0.0,
          "border_size": 0.0,
          "border_color": [
            0.0,
            0.0,
            0.0,
            1.0
          ],
          "conditions": [],
          "duration_bar": false,
          "duration_text": false,
          "stacks_text": false
        },
        {
          "enabled": true,
          "name": "Freedom",
          "trigger": {
            "source": {
              "type": "Buff",
              "combatant": "Player",
              "ids": [
                76972
              ]
            },
            "threshold": {
              "threshold_type": "Present",
              "amount_type": "Intensity"
            }
          },
          "filter": {
            "player": {
              "combat": null,
              "specs": [],
              "weapons": [],
              "traits": [],
              "mounts": []
            },
            "map": {
              "category": [],
              "whitelist": true,
              "ids": []
            }
          },
          "icon": {
            "File": "Paragon\\Paragon_Freedom.png"
          },
          "tint": [
            1.0,
            1.0,
            1.0,
            1.0
          ],
          "zoom": 1.0,
          "round": 0.0,
          "border_size": 0.0,
          "border_color": [
            0.0,
            0.0,
            0.0,
            1.0
          ],
          "conditions": [],
          "duration_bar": false,
          "duration_text": false,
          "stacks_text": false
        }
      ]
    }
  ]
}